uf_codigo_ibge, ano, esfera, poder,quantidade_de_vinculos
11,2012,Estadual,Executivo,57662
11,2012,Estadual,Judiciário,3561
11,2012,Estadual,Legislativo,2648
11,2012,Federal,Executivo,8911
11,2012,Federal,Judiciário,1448
11,2012,Federal,Legislativo,0
11,2012,Municipal,Executivo,57717
11,2012,Municipal,Legislativo,2500
11,2013,Estadual,Executivo,57939
11,2013,Estadual,Judiciário,3911
11,2013,Estadual,Legislativo,4126
11,2013,Federal,Executivo,8669
11,2013,Federal,Judiciário,1447
11,2013,Federal,Legislativo,0
11,2013,Municipal,Executivo,56186
11,2013,Municipal,Legislativo,2375
11,2014,Estadual,Executivo,55662
11,2014,Estadual,Judiciário,4013
11,2014,Estadual,Legislativo,2698
11,2014,Federal,Executivo,10783
11,2014,Federal,Judiciário,1645
11,2014,Federal,Legislativo,0
11,2014,Municipal,Executivo,55894
11,2014,Municipal,Legislativo,2018
11,2015,Estadual,Executivo,56213
11,2015,Estadual,Judiciário,4539
11,2015,Estadual,Legislativo,3824
11,2015,Federal,Executivo,8856
11,2015,Federal,Judiciário,1503
11,2015,Federal,Legislativo,0
11,2015,Municipal,Executivo,54723
11,2015,Municipal,Legislativo,2256
11,2016,Estadual,Executivo,54787
11,2016,Estadual,Judiciário,4648
11,2016,Estadual,Legislativo,3090
11,2016,Federal,Executivo,9894
11,2016,Federal,Judiciário,1541
11,2016,Federal,Legislativo,0
11,2016,Municipal,Executivo,53384
11,2016,Municipal,Legislativo,2170
11,2017,Estadual,Executivo,55152
11,2017,Estadual,Judiciário,4368
11,2017,Estadual,Legislativo,3203
11,2017,Federal,Executivo,11626
11,2017,Federal,Judiciário,1730
11,2017,Federal,Legislativo,0
11,2017,Municipal,Executivo,55728
11,2017,Municipal,Legislativo,1953
11,2018,Estadual,Executivo,49139
11,2018,Estadual,Judiciário,4702
11,2018,Estadual,Legislativo,3548
11,2018,Federal,Executivo,13103
11,2018,Federal,Judiciário,637
11,2018,Federal,Legislativo,0
11,2018,Municipal,Executivo,54330
11,2018,Municipal,Legislativo,1948
11,2019,Estadual,Executivo,46331
11,2019,Estadual,Judiciário,4760
11,2019,Estadual,Legislativo,4754
11,2019,Federal,Executivo,13164
11,2019,Federal,Judiciário,1446
11,2019,Federal,Legislativo,0
11,2019,Municipal,Executivo,54814
11,2019,Municipal,Legislativo,2058
12,2012,Estadual,Executivo,39213
12,2012,Estadual,Judiciário,2214
12,2012,Estadual,Legislativo,1089
12,2012,Federal,Executivo,2793
12,2012,Federal,Judiciário,344
12,2012,Federal,Legislativo,0
12,2012,Municipal,Executivo,17810
12,2012,Municipal,Legislativo,413
12,2013,Estadual,Executivo,36137
12,2013,Estadual,Judiciário,2293
12,2013,Estadual,Legislativo,1241
12,2013,Federal,Executivo,1930
12,2013,Federal,Judiciário,299
12,2013,Federal,Legislativo,0
12,2013,Municipal,Executivo,19554
12,2013,Municipal,Legislativo,345
12,2014,Estadual,Executivo,37777
12,2014,Estadual,Judiciário,2470
12,2014,Estadual,Legislativo,821
12,2014,Federal,Executivo,3453
12,2014,Federal,Judiciário,354
12,2014,Federal,Legislativo,0
12,2014,Municipal,Executivo,20095
12,2014,Municipal,Legislativo,289
12,2015,Estadual,Executivo,39012
12,2015,Estadual,Judiciário,2546
12,2015,Estadual,Legislativo,1402
12,2015,Federal,Executivo,3606
12,2015,Federal,Judiciário,339
12,2015,Federal,Legislativo,0
12,2015,Municipal,Executivo,20980
12,2015,Municipal,Legislativo,387
12,2016,Estadual,Executivo,35989
12,2016,Estadual,Judiciário,2559
12,2016,Estadual,Legislativo,1073
12,2016,Federal,Executivo,3730
12,2016,Federal,Judiciário,354
12,2016,Federal,Legislativo,0
12,2016,Municipal,Executivo,21271
12,2016,Municipal,Legislativo,354
12,2017,Estadual,Executivo,37345
12,2017,Estadual,Judiciário,2484
12,2017,Estadual,Legislativo,1077
12,2017,Federal,Executivo,3750
12,2017,Federal,Judiciário,335
12,2017,Federal,Legislativo,0
12,2017,Municipal,Executivo,23396
12,2017,Municipal,Legislativo,390
12,2018,Estadual,Executivo,37619
12,2018,Estadual,Judiciário,2441
12,2018,Estadual,Legislativo,1289
12,2018,Federal,Executivo,3808
12,2018,Federal,Judiciário,348
12,2018,Federal,Legislativo,0
12,2018,Municipal,Executivo,22855
12,2018,Municipal,Legislativo,473
12,2019,Estadual,Executivo,32656
12,2019,Estadual,Judiciário,2502
12,2019,Estadual,Legislativo,199
12,2019,Federal,Executivo,1930
12,2019,Federal,Judiciário,327
12,2019,Federal,Legislativo,0
12,2019,Municipal,Executivo,21832
12,2019,Municipal,Legislativo,555
13,2012,Estadual,Executivo,88736
13,2012,Estadual,Judiciário,2693
13,2012,Estadual,Legislativo,3711
13,2012,Federal,Executivo,15178
13,2012,Federal,Judiciário,1817
13,2012,Federal,Legislativo,0
13,2012,Municipal,Executivo,102318
13,2012,Municipal,Legislativo,3242
13,2013,Estadual,Executivo,87173
13,2013,Estadual,Judiciário,2689
13,2013,Estadual,Legislativo,4017
13,2013,Federal,Executivo,16020
13,2013,Federal,Judiciário,1792
13,2013,Federal,Legislativo,0
13,2013,Municipal,Executivo,109324
13,2013,Municipal,Legislativo,3346
13,2014,Estadual,Executivo,86285
13,2014,Estadual,Judiciário,2915
13,2014,Estadual,Legislativo,3127
13,2014,Federal,Executivo,16361
13,2014,Federal,Judiciário,1813
13,2014,Federal,Legislativo,0
13,2014,Municipal,Executivo,111026
13,2014,Municipal,Legislativo,3368
13,2015,Estadual,Executivo,85228
13,2015,Estadual,Judiciário,3414
13,2015,Estadual,Legislativo,3959
13,2015,Federal,Executivo,15813
13,2015,Federal,Judiciário,1856
13,2015,Federal,Legislativo,0
13,2015,Municipal,Executivo,114604
13,2015,Municipal,Legislativo,3892
13,2016,Estadual,Executivo,81803
13,2016,Estadual,Judiciário,3484
13,2016,Estadual,Legislativo,3777
13,2016,Federal,Executivo,15328
13,2016,Federal,Judiciário,1792
13,2016,Federal,Legislativo,0
13,2016,Municipal,Executivo,116918
13,2016,Municipal,Legislativo,3924
13,2017,Estadual,Executivo,83507
13,2017,Estadual,Judiciário,3513
13,2017,Estadual,Legislativo,4017
13,2017,Federal,Executivo,15617
13,2017,Federal,Judiciário,1875
13,2017,Federal,Legislativo,0
13,2017,Municipal,Executivo,126399
13,2017,Municipal,Legislativo,3893
13,2018,Estadual,Executivo,81026
13,2018,Estadual,Judiciário,3919
13,2018,Estadual,Legislativo,4018
13,2018,Federal,Executivo,16845
13,2018,Federal,Judiciário,1734
13,2018,Federal,Legislativo,0
13,2018,Municipal,Executivo,136906
13,2018,Municipal,Legislativo,3866
13,2019,Estadual,Executivo,79196
13,2019,Estadual,Judiciário,3883
13,2019,Estadual,Legislativo,4898
13,2019,Federal,Executivo,17171
13,2019,Federal,Judiciário,1695
13,2019,Federal,Legislativo,0
13,2019,Municipal,Executivo,131519
13,2019,Municipal,Legislativo,4566
14,2012,Estadual,Executivo,19085
14,2012,Estadual,Judiciário,1274
14,2012,Estadual,Legislativo,4145
14,2012,Federal,Executivo,8629
14,2012,Federal,Judiciário,278
14,2012,Federal,Legislativo,0
14,2012,Municipal,Executivo,16220
14,2012,Municipal,Legislativo,849
14,2013,Estadual,Executivo,20472
14,2013,Estadual,Judiciário,1379
14,2013,Estadual,Legislativo,4007
14,2013,Federal,Executivo,8399
14,2013,Federal,Judiciário,260
14,2013,Federal,Legislativo,0
14,2013,Municipal,Executivo,16972
14,2013,Municipal,Legislativo,899
14,2014,Estadual,Executivo,20339
14,2014,Estadual,Judiciário,1407
14,2014,Estadual,Legislativo,4299
14,2014,Federal,Executivo,8332
14,2014,Federal,Judiciário,271
14,2014,Federal,Legislativo,0
14,2014,Municipal,Executivo,16406
14,2014,Municipal,Legislativo,658
14,2015,Estadual,Executivo,20014
14,2015,Estadual,Judiciário,1428
14,2015,Estadual,Legislativo,3743
14,2015,Federal,Executivo,8396
14,2015,Federal,Judiciário,281
14,2015,Federal,Legislativo,0
14,2015,Municipal,Executivo,18885
14,2015,Municipal,Legislativo,939
14,2016,Estadual,Executivo,20322
14,2016,Estadual,Judiciário,1480
14,2016,Estadual,Legislativo,3662
14,2016,Federal,Executivo,8278
14,2016,Federal,Judiciário,287
14,2016,Federal,Legislativo,0
14,2016,Municipal,Executivo,17688
14,2016,Municipal,Legislativo,905
14,2017,Estadual,Executivo,21255
14,2017,Estadual,Judiciário,1591
14,2017,Estadual,Legislativo,3604
14,2017,Federal,Executivo,8226
14,2017,Federal,Judiciário,300
14,2017,Federal,Legislativo,0
14,2017,Municipal,Executivo,18942
14,2017,Municipal,Legislativo,787
14,2018,Estadual,Executivo,21173
14,2018,Estadual,Judiciário,1634
14,2018,Estadual,Legislativo,4254
14,2018,Federal,Executivo,8006
14,2018,Federal,Judiciário,290
14,2018,Federal,Legislativo,0
14,2018,Municipal,Executivo,19430
14,2018,Municipal,Legislativo,855
14,2019,Estadual,Executivo,21032
14,2019,Estadual,Judiciário,1749
14,2019,Estadual,Legislativo,3966
14,2019,Federal,Executivo,7718
14,2019,Federal,Judiciário,266
14,2019,Federal,Legislativo,0
14,2019,Municipal,Executivo,24108
14,2019,Municipal,Legislativo,882
15,2012,Estadual,Executivo,85400
15,2012,Estadual,Judiciário,6018
15,2012,Estadual,Legislativo,4591
15,2012,Federal,Executivo,22833
15,2012,Federal,Judiciário,2708
15,2012,Federal,Legislativo,0
15,2012,Municipal,Executivo,272827
15,2012,Municipal,Legislativo,4636
15,2013,Estadual,Executivo,110920
15,2013,Estadual,Judiciário,6612
15,2013,Estadual,Legislativo,4843
15,2013,Federal,Executivo,23621
15,2013,Federal,Judiciário,2312
15,2013,Federal,Legislativo,0
15,2013,Municipal,Executivo,283800
15,2013,Municipal,Legislativo,4848
15,2014,Estadual,Executivo,104860
15,2014,Estadual,Judiciário,6366
15,2014,Estadual,Legislativo,4645
15,2014,Federal,Executivo,23832
15,2014,Federal,Judiciário,2803
15,2014,Federal,Legislativo,0
15,2014,Municipal,Executivo,295001
15,2014,Municipal,Legislativo,4518
15,2015,Estadual,Executivo,106030
15,2015,Estadual,Judiciário,6835
15,2015,Estadual,Legislativo,5359
15,2015,Federal,Executivo,23131
15,2015,Federal,Judiciário,2900
15,2015,Federal,Legislativo,0
15,2015,Municipal,Executivo,293048
15,2015,Municipal,Legislativo,4815
15,2016,Estadual,Executivo,104710
15,2016,Estadual,Judiciário,7114
15,2016,Estadual,Legislativo,4854
15,2016,Federal,Executivo,24516
15,2016,Federal,Judiciário,2872
15,2016,Federal,Legislativo,0
15,2016,Municipal,Executivo,285629
15,2016,Municipal,Legislativo,4958
15,2017,Estadual,Executivo,105970
15,2017,Estadual,Judiciário,7366
15,2017,Estadual,Legislativo,4908
15,2017,Federal,Executivo,25751
15,2017,Federal,Judiciário,2890
15,2017,Federal,Legislativo,0
15,2017,Municipal,Executivo,302906
15,2017,Municipal,Legislativo,5839
15,2018,Estadual,Executivo,107178
15,2018,Estadual,Judiciário,7681
15,2018,Estadual,Legislativo,4629
15,2018,Federal,Executivo,26505
15,2018,Federal,Judiciário,2909
15,2018,Federal,Legislativo,0
15,2018,Municipal,Executivo,300858
15,2018,Municipal,Legislativo,5586
15,2019,Estadual,Executivo,107479
15,2019,Estadual,Judiciário,7433
15,2019,Estadual,Legislativo,5111
15,2019,Federal,Executivo,24207
15,2019,Federal,Judiciário,2805
15,2019,Federal,Legislativo,0
15,2019,Municipal,Executivo,305771
15,2019,Municipal,Legislativo,6409
16,2012,Estadual,Executivo,22600
16,2012,Estadual,Judiciário,1385
16,2012,Estadual,Legislativo,4700
16,2012,Federal,Executivo,8517
16,2012,Federal,Judiciário,334
16,2012,Federal,Legislativo,0
16,2012,Municipal,Executivo,16115
16,2012,Municipal,Legislativo,716
16,2013,Estadual,Executivo,20091
16,2013,Estadual,Judiciário,1872
16,2013,Estadual,Legislativo,3679
16,2013,Federal,Executivo,8681
16,2013,Federal,Judiciário,354
16,2013,Federal,Legislativo,0
16,2013,Municipal,Executivo,18026
16,2013,Municipal,Legislativo,829
16,2014,Estadual,Executivo,23592
16,2014,Estadual,Judiciário,1946
16,2014,Estadual,Legislativo,3918
16,2014,Federal,Executivo,8617
16,2014,Federal,Judiciário,360
16,2014,Federal,Legislativo,0
16,2014,Municipal,Executivo,18165
16,2014,Municipal,Legislativo,985
16,2015,Estadual,Executivo,21401
16,2015,Estadual,Judiciário,1920
16,2015,Estadual,Legislativo,4512
16,2015,Federal,Executivo,8394
16,2015,Federal,Judiciário,384
16,2015,Federal,Legislativo,0
16,2015,Municipal,Executivo,15318
16,2015,Municipal,Legislativo,1181
16,2016,Estadual,Executivo,35933
16,2016,Estadual,Judiciário,1878
16,2016,Estadual,Legislativo,4202
16,2016,Federal,Executivo,8925
16,2016,Federal,Judiciário,396
16,2016,Federal,Legislativo,0
16,2016,Municipal,Executivo,14105
16,2016,Municipal,Legislativo,1315
16,2017,Estadual,Executivo,36634
16,2017,Estadual,Judiciário,1918
16,2017,Estadual,Legislativo,3542
16,2017,Federal,Executivo,9533
16,2017,Federal,Judiciário,399
16,2017,Federal,Legislativo,0
16,2017,Municipal,Executivo,16042
16,2017,Municipal,Legislativo,923
16,2018,Estadual,Executivo,36068
16,2018,Estadual,Judiciário,1879
16,2018,Estadual,Legislativo,3560
16,2018,Federal,Executivo,9923
16,2018,Federal,Judiciário,395
16,2018,Federal,Legislativo,0
16,2018,Municipal,Executivo,15315
16,2018,Municipal,Legislativo,821
16,2019,Estadual,Executivo,37398
16,2019,Estadual,Judiciário,2042
16,2019,Estadual,Legislativo,3292
16,2019,Federal,Executivo,9506
16,2019,Federal,Judiciário,393
16,2019,Federal,Legislativo,0
16,2019,Municipal,Executivo,13434
16,2019,Municipal,Legislativo,1728
17,2012,Estadual,Executivo,53285
17,2012,Estadual,Judiciário,3251
17,2012,Estadual,Legislativo,2834
17,2012,Federal,Executivo,4432
17,2012,Federal,Judiciário,533
17,2012,Federal,Legislativo,0
17,2012,Municipal,Executivo,63945
17,2012,Municipal,Legislativo,1832
17,2013,Estadual,Executivo,51326
17,2013,Estadual,Judiciário,3408
17,2013,Estadual,Legislativo,4231
17,2013,Federal,Executivo,4715
17,2013,Federal,Judiciário,492
17,2013,Federal,Legislativo,0
17,2013,Municipal,Executivo,66302
17,2013,Municipal,Legislativo,1653
17,2014,Estadual,Executivo,57988
17,2014,Estadual,Judiciário,3195
17,2014,Estadual,Legislativo,2883
17,2014,Federal,Executivo,5048
17,2014,Federal,Judiciário,554
17,2014,Federal,Legislativo,0
17,2014,Municipal,Executivo,66971
17,2014,Municipal,Legislativo,1626
17,2015,Estadual,Executivo,60415
17,2015,Estadual,Judiciário,3100
17,2015,Estadual,Legislativo,3577
17,2015,Federal,Executivo,5241
17,2015,Federal,Judiciário,543
17,2015,Federal,Legislativo,0
17,2015,Municipal,Executivo,64388
17,2015,Municipal,Legislativo,1819
17,2016,Estadual,Executivo,60172
17,2016,Estadual,Judiciário,3340
17,2016,Estadual,Legislativo,3687
17,2016,Federal,Executivo,5260
17,2016,Federal,Judiciário,573
17,2016,Federal,Legislativo,0
17,2016,Municipal,Executivo,61321
17,2016,Municipal,Legislativo,1949
17,2017,Estadual,Executivo,69235
17,2017,Estadual,Judiciário,3381
17,2017,Estadual,Legislativo,3023
17,2017,Federal,Executivo,5385
17,2017,Federal,Judiciário,560
17,2017,Federal,Legislativo,0
17,2017,Municipal,Executivo,66785
17,2017,Municipal,Legislativo,2078
17,2018,Estadual,Executivo,64217
17,2018,Estadual,Judiciário,3357
17,2018,Estadual,Legislativo,3445
17,2018,Federal,Executivo,5358
17,2018,Federal,Judiciário,688
17,2018,Federal,Legislativo,0
17,2018,Municipal,Executivo,66017
17,2018,Municipal,Legislativo,2101
17,2019,Estadual,Executivo,56683
17,2019,Estadual,Judiciário,3537
17,2019,Estadual,Legislativo,4132
17,2019,Federal,Executivo,5348
17,2019,Federal,Judiciário,586
17,2019,Federal,Legislativo,0
17,2019,Municipal,Executivo,61880
17,2019,Municipal,Legislativo,2406
21,2012,Estadual,Executivo,76426
21,2012,Estadual,Judiciário,3996
21,2012,Estadual,Legislativo,2960
21,2012,Federal,Executivo,9221
21,2012,Federal,Judiciário,1733
21,2012,Federal,Legislativo,0
21,2012,Municipal,Executivo,179965
21,2012,Municipal,Legislativo,2392
21,2013,Estadual,Executivo,68073
21,2013,Estadual,Judiciário,4148
21,2013,Estadual,Legislativo,3019
21,2013,Federal,Executivo,9202
21,2013,Federal,Judiciário,1601
21,2013,Federal,Legislativo,0
21,2013,Municipal,Executivo,189319
21,2013,Municipal,Legislativo,2253
21,2014,Estadual,Executivo,65451
21,2014,Estadual,Judiciário,4188
21,2014,Estadual,Legislativo,2875
21,2014,Federal,Executivo,9311
21,2014,Federal,Judiciário,1698
21,2014,Federal,Legislativo,0
21,2014,Municipal,Executivo,198586
21,2014,Municipal,Legislativo,2250
21,2015,Estadual,Executivo,67750
21,2015,Estadual,Judiciário,2722
21,2015,Estadual,Legislativo,3641
21,2015,Federal,Executivo,9744
21,2015,Federal,Judiciário,1781
21,2015,Federal,Legislativo,0
21,2015,Municipal,Executivo,195315
21,2015,Municipal,Legislativo,2239
21,2016,Estadual,Executivo,71350
21,2016,Estadual,Judiciário,5153
21,2016,Estadual,Legislativo,3029
21,2016,Federal,Executivo,10102
21,2016,Federal,Judiciário,1868
21,2016,Federal,Legislativo,0
21,2016,Municipal,Executivo,193001
21,2016,Municipal,Legislativo,2112
21,2017,Estadual,Executivo,66311
21,2017,Estadual,Judiciário,6482
21,2017,Estadual,Legislativo,2989
21,2017,Federal,Executivo,10284
21,2017,Federal,Judiciário,1878
21,2017,Federal,Legislativo,0
21,2017,Municipal,Executivo,209269
21,2017,Municipal,Legislativo,2401
21,2018,Estadual,Executivo,70566
21,2018,Estadual,Judiciário,7120
21,2018,Estadual,Legislativo,3076
21,2018,Federal,Executivo,10020
21,2018,Federal,Judiciário,1871
21,2018,Federal,Legislativo,0
21,2018,Municipal,Executivo,228250
21,2018,Municipal,Legislativo,4292
21,2019,Estadual,Executivo,74089
21,2019,Estadual,Judiciário,5549
21,2019,Estadual,Legislativo,3530
21,2019,Federal,Executivo,10083
21,2019,Federal,Judiciário,1825
21,2019,Federal,Legislativo,0
21,2019,Municipal,Executivo,234694
21,2019,Municipal,Legislativo,5589
22,2012,Estadual,Executivo,66328
22,2012,Estadual,Judiciário,3459
22,2012,Estadual,Legislativo,1826
22,2012,Federal,Executivo,7998
22,2012,Federal,Judiciário,1353
22,2012,Federal,Legislativo,0
22,2012,Municipal,Executivo,91237
22,2012,Municipal,Legislativo,1358
22,2013,Estadual,Executivo,64498
22,2013,Estadual,Judiciário,3238
22,2013,Estadual,Legislativo,1799
22,2013,Federal,Executivo,8303
22,2013,Federal,Judiciário,1300
22,2013,Federal,Legislativo,0
22,2013,Municipal,Executivo,99620
22,2013,Municipal,Legislativo,1239
22,2014,Estadual,Executivo,61510
22,2014,Estadual,Judiciário,3277
22,2014,Estadual,Legislativo,5236
22,2014,Federal,Executivo,9082
22,2014,Federal,Judiciário,1414
22,2014,Federal,Legislativo,0
22,2014,Municipal,Executivo,100280
22,2014,Municipal,Legislativo,1192
22,2015,Estadual,Executivo,59765
22,2015,Estadual,Judiciário,3215
22,2015,Estadual,Legislativo,5990
22,2015,Federal,Executivo,8592
22,2015,Federal,Judiciário,1358
22,2015,Federal,Legislativo,0
22,2015,Municipal,Executivo,103041
22,2015,Municipal,Legislativo,1255
22,2016,Estadual,Executivo,59435
22,2016,Estadual,Judiciário,3356
22,2016,Estadual,Legislativo,5728
22,2016,Federal,Executivo,8854
22,2016,Federal,Judiciário,1454
22,2016,Federal,Legislativo,0
22,2016,Municipal,Executivo,104127
22,2016,Municipal,Legislativo,1704
22,2017,Estadual,Executivo,59044
22,2017,Estadual,Judiciário,3657
22,2017,Estadual,Legislativo,5759
22,2017,Federal,Executivo,8819
22,2017,Federal,Judiciário,1438
22,2017,Federal,Legislativo,0
22,2017,Municipal,Executivo,110112
22,2017,Municipal,Legislativo,2241
22,2018,Estadual,Executivo,57956
22,2018,Estadual,Judiciário,3634
22,2018,Estadual,Legislativo,5804
22,2018,Federal,Executivo,8808
22,2018,Federal,Judiciário,1508
22,2018,Federal,Legislativo,0
22,2018,Municipal,Executivo,113267
22,2018,Municipal,Legislativo,2900
22,2019,Estadual,Executivo,57545
22,2019,Estadual,Judiciário,3944
22,2019,Estadual,Legislativo,6129
22,2019,Federal,Executivo,8899
22,2019,Federal,Judiciário,1446
22,2019,Federal,Legislativo,0
22,2019,Municipal,Executivo,115239
22,2019,Municipal,Legislativo,3382
23,2012,Estadual,Executivo,99439
23,2012,Estadual,Judiciário,5270
23,2012,Estadual,Legislativo,6743
23,2012,Federal,Executivo,20064
23,2012,Federal,Judiciário,3214
23,2012,Federal,Legislativo,0
23,2012,Municipal,Executivo,326432
23,2012,Municipal,Legislativo,4737
23,2013,Estadual,Executivo,108378
23,2013,Estadual,Judiciário,5285
23,2013,Estadual,Legislativo,7338
23,2013,Federal,Executivo,20761
23,2013,Federal,Judiciário,2921
23,2013,Federal,Legislativo,0
23,2013,Municipal,Executivo,374687
23,2013,Municipal,Legislativo,4224
23,2014,Estadual,Executivo,111300
23,2014,Estadual,Judiciário,5429
23,2014,Estadual,Legislativo,5560
23,2014,Federal,Executivo,21485
23,2014,Federal,Judiciário,3352
23,2014,Federal,Legislativo,0
23,2014,Municipal,Executivo,354556
23,2014,Municipal,Legislativo,4268
23,2015,Estadual,Executivo,115461
23,2015,Estadual,Judiciário,5815
23,2015,Estadual,Legislativo,6491
23,2015,Federal,Executivo,20826
23,2015,Federal,Judiciário,3093
23,2015,Federal,Legislativo,0
23,2015,Municipal,Executivo,357141
23,2015,Municipal,Legislativo,5049
23,2016,Estadual,Executivo,114520
23,2016,Estadual,Judiciário,5703
23,2016,Estadual,Legislativo,5997
23,2016,Federal,Executivo,20697
23,2016,Federal,Judiciário,3411
23,2016,Federal,Legislativo,0
23,2016,Municipal,Executivo,349577
23,2016,Municipal,Legislativo,4560
23,2017,Estadual,Executivo,109095
23,2017,Estadual,Judiciário,6356
23,2017,Estadual,Legislativo,7546
23,2017,Federal,Executivo,21787
23,2017,Federal,Judiciário,3131
23,2017,Federal,Legislativo,0
23,2017,Municipal,Executivo,375518
23,2017,Municipal,Legislativo,5147
23,2018,Estadual,Executivo,110951
23,2018,Estadual,Judiciário,6156
23,2018,Estadual,Legislativo,6755
23,2018,Federal,Executivo,21180
23,2018,Federal,Judiciário,3331
23,2018,Federal,Legislativo,0
23,2018,Municipal,Executivo,360683
23,2018,Municipal,Legislativo,5072
23,2019,Estadual,Executivo,110422
23,2019,Estadual,Judiciário,6458
23,2019,Estadual,Legislativo,7727
23,2019,Federal,Executivo,21874
23,2019,Federal,Judiciário,3090
23,2019,Federal,Legislativo,0
23,2019,Municipal,Executivo,370053
23,2019,Municipal,Legislativo,5284
24,2012,Estadual,Executivo,68005
24,2012,Estadual,Judiciário,2962
24,2012,Estadual,Legislativo,2539
24,2012,Federal,Executivo,16248
24,2012,Federal,Judiciário,1981
24,2012,Federal,Legislativo,0
24,2012,Municipal,Executivo,122278
24,2012,Municipal,Legislativo,3281
24,2013,Estadual,Executivo,64208
24,2013,Estadual,Judiciário,3251
24,2013,Estadual,Legislativo,2617
24,2013,Federal,Executivo,17413
24,2013,Federal,Judiciário,1871
24,2013,Federal,Legislativo,0
24,2013,Municipal,Executivo,128484
24,2013,Municipal,Legislativo,3312
24,2014,Estadual,Executivo,61701
24,2014,Estadual,Judiciário,3241
24,2014,Estadual,Legislativo,1713
24,2014,Federal,Executivo,18645
24,2014,Federal,Judiciário,2088
24,2014,Federal,Legislativo,0
24,2014,Municipal,Executivo,128079
24,2014,Municipal,Legislativo,3619
24,2015,Estadual,Executivo,60546
24,2015,Estadual,Judiciário,3671
24,2015,Estadual,Legislativo,3490
24,2015,Federal,Executivo,18212
24,2015,Federal,Judiciário,1921
24,2015,Federal,Legislativo,0
24,2015,Municipal,Executivo,114382
24,2015,Municipal,Legislativo,3869
24,2016,Estadual,Executivo,57749
24,2016,Estadual,Judiciário,3562
24,2016,Estadual,Legislativo,2630
24,2016,Federal,Executivo,18035
24,2016,Federal,Judiciário,2011
24,2016,Federal,Legislativo,0
24,2016,Municipal,Executivo,129304
24,2016,Municipal,Legislativo,3763
24,2017,Estadual,Executivo,55836
24,2017,Estadual,Judiciário,3563
24,2017,Estadual,Legislativo,2541
24,2017,Federal,Executivo,18963
24,2017,Federal,Judiciário,1971
24,2017,Federal,Legislativo,0
24,2017,Municipal,Executivo,130877
24,2017,Municipal,Legislativo,3920
24,2018,Estadual,Executivo,55249
24,2018,Estadual,Judiciário,3711
24,2018,Estadual,Legislativo,2493
24,2018,Federal,Executivo,19792
24,2018,Federal,Judiciário,1919
24,2018,Federal,Legislativo,0
24,2018,Municipal,Executivo,132286
24,2018,Municipal,Legislativo,4201
24,2019,Estadual,Executivo,54283
24,2019,Estadual,Judiciário,3738
24,2019,Estadual,Legislativo,2964
24,2019,Federal,Executivo,19715
24,2019,Federal,Judiciário,1851
24,2019,Federal,Legislativo,0
24,2019,Municipal,Executivo,134019
24,2019,Municipal,Legislativo,4402
25,2012,Estadual,Executivo,90568
25,2012,Estadual,Judiciário,0
25,2012,Estadual,Legislativo,0
25,2012,Federal,Executivo,15760
25,2012,Federal,Judiciário,2449
25,2012,Federal,Legislativo,2
25,2012,Municipal,Executivo,162318
25,2012,Municipal,Legislativo,3829
25,2013,Estadual,Executivo,91405
25,2013,Estadual,Judiciário,0
25,2013,Estadual,Legislativo,0
25,2013,Federal,Executivo,16942
25,2013,Federal,Judiciário,2194
25,2013,Federal,Legislativo,0
25,2013,Municipal,Executivo,170747
25,2013,Municipal,Legislativo,3121
25,2014,Estadual,Executivo,86114
25,2014,Estadual,Judiciário,0
25,2014,Estadual,Legislativo,0
25,2014,Federal,Executivo,17014
25,2014,Federal,Judiciário,2431
25,2014,Federal,Legislativo,0
25,2014,Municipal,Executivo,169707
25,2014,Municipal,Legislativo,3167
25,2015,Estadual,Executivo,84414
25,2015,Estadual,Judiciário,0
25,2015,Estadual,Legislativo,0
25,2015,Federal,Executivo,17312
25,2015,Federal,Judiciário,2304
25,2015,Federal,Legislativo,0
25,2015,Municipal,Executivo,170442
25,2015,Municipal,Legislativo,3434
25,2016,Estadual,Executivo,78826
25,2016,Estadual,Judiciário,0
25,2016,Estadual,Legislativo,0
25,2016,Federal,Executivo,16479
25,2016,Federal,Judiciário,2534
25,2016,Federal,Legislativo,0
25,2016,Municipal,Executivo,162267
25,2016,Municipal,Legislativo,3573
25,2017,Estadual,Executivo,78066
25,2017,Estadual,Judiciário,0
25,2017,Estadual,Legislativo,0
25,2017,Federal,Executivo,17805
25,2017,Federal,Judiciário,2244
25,2017,Federal,Legislativo,0
25,2017,Municipal,Executivo,169524
25,2017,Municipal,Legislativo,4327
25,2018,Estadual,Executivo,69200
25,2018,Estadual,Judiciário,456
25,2018,Estadual,Legislativo,0
25,2018,Federal,Executivo,15739
25,2018,Federal,Judiciário,2447
25,2018,Federal,Legislativo,0
25,2018,Municipal,Executivo,162930
25,2018,Municipal,Legislativo,4560
25,2019,Estadual,Executivo,65026
25,2019,Estadual,Judiciário,448
25,2019,Estadual,Legislativo,0
25,2019,Federal,Executivo,17304
25,2019,Federal,Judiciário,2215
25,2019,Federal,Legislativo,0
25,2019,Municipal,Executivo,165604
25,2019,Municipal,Legislativo,4591
26,2012,Estadual,Executivo,144436
26,2012,Estadual,Judiciário,7287
26,2012,Estadual,Legislativo,2826
26,2012,Federal,Executivo,27878
26,2012,Federal,Judiciário,4902
26,2012,Federal,Legislativo,0
26,2012,Municipal,Executivo,240830
26,2012,Municipal,Legislativo,8557
26,2013,Estadual,Executivo,140675
26,2013,Estadual,Judiciário,7700
26,2013,Estadual,Legislativo,1178
26,2013,Federal,Executivo,29347
26,2013,Federal,Judiciário,4698
26,2013,Federal,Legislativo,0
26,2013,Municipal,Executivo,242772
26,2013,Municipal,Legislativo,8510
26,2014,Estadual,Executivo,135304
26,2014,Estadual,Judiciário,8976
26,2014,Estadual,Legislativo,1173
26,2014,Federal,Executivo,29765
26,2014,Federal,Judiciário,5345
26,2014,Federal,Legislativo,0
26,2014,Municipal,Executivo,242693
26,2014,Municipal,Legislativo,7531
26,2015,Estadual,Executivo,131515
26,2015,Estadual,Judiciário,8914
26,2015,Estadual,Legislativo,907
26,2015,Federal,Executivo,29070
26,2015,Federal,Judiciário,4829
26,2015,Federal,Legislativo,0
26,2015,Municipal,Executivo,234827
26,2015,Municipal,Legislativo,7672
26,2016,Estadual,Executivo,127239
26,2016,Estadual,Judiciário,8904
26,2016,Estadual,Legislativo,898
26,2016,Federal,Executivo,27404
26,2016,Federal,Judiciário,5351
26,2016,Federal,Legislativo,0
26,2016,Municipal,Executivo,228348
26,2016,Municipal,Legislativo,7602
26,2017,Estadual,Executivo,129074
26,2017,Estadual,Judiciário,8745
26,2017,Estadual,Legislativo,752
26,2017,Federal,Executivo,26924
26,2017,Federal,Judiciário,5162
26,2017,Federal,Legislativo,0
26,2017,Municipal,Executivo,230469
26,2017,Municipal,Legislativo,8109
26,2018,Estadual,Executivo,124566
26,2018,Estadual,Judiciário,8651
26,2018,Estadual,Legislativo,2534
26,2018,Federal,Executivo,26903
26,2018,Federal,Judiciário,5354
26,2018,Federal,Legislativo,0
26,2018,Municipal,Executivo,226612
26,2018,Municipal,Legislativo,8311
26,2019,Estadual,Executivo,124774
26,2019,Estadual,Judiciário,8856
26,2019,Estadual,Legislativo,3378
26,2019,Federal,Executivo,21896
26,2019,Federal,Judiciário,4898
26,2019,Federal,Legislativo,0
26,2019,Municipal,Executivo,230735
26,2019,Municipal,Legislativo,9305
27,2012,Estadual,Executivo,39402
27,2012,Estadual,Judiciário,1252
27,2012,Estadual,Legislativo,1640
27,2012,Federal,Executivo,8031
27,2012,Federal,Judiciário,1582
27,2012,Federal,Legislativo,0
27,2012,Municipal,Executivo,103066
27,2012,Municipal,Legislativo,2407
27,2013,Estadual,Executivo,39212
27,2013,Estadual,Judiciário,1384
27,2013,Estadual,Legislativo,2772
27,2013,Federal,Executivo,7006
27,2013,Federal,Judiciário,1600
27,2013,Federal,Legislativo,0
27,2013,Municipal,Executivo,111322
27,2013,Municipal,Legislativo,1793
27,2014,Estadual,Executivo,40053
27,2014,Estadual,Judiciário,1407
27,2014,Estadual,Legislativo,1828
27,2014,Federal,Executivo,8578
27,2014,Federal,Judiciário,1648
27,2014,Federal,Legislativo,0
27,2014,Municipal,Executivo,113773
27,2014,Municipal,Legislativo,1709
27,2015,Estadual,Executivo,42237
27,2015,Estadual,Judiciário,1404
27,2015,Estadual,Legislativo,1925
27,2015,Federal,Executivo,6865
27,2015,Federal,Judiciário,1629
27,2015,Federal,Legislativo,0
27,2015,Municipal,Executivo,112803
27,2015,Municipal,Legislativo,1921
27,2016,Estadual,Executivo,42239
27,2016,Estadual,Judiciário,2287
27,2016,Estadual,Legislativo,1187
27,2016,Federal,Executivo,6558
27,2016,Federal,Judiciário,1708
27,2016,Federal,Legislativo,0
27,2016,Municipal,Executivo,110112
27,2016,Municipal,Legislativo,1558
27,2017,Estadual,Executivo,40235
27,2017,Estadual,Judiciário,2261
27,2017,Estadual,Legislativo,2254
27,2017,Federal,Executivo,7489
27,2017,Federal,Judiciário,1653
27,2017,Federal,Legislativo,0
27,2017,Municipal,Executivo,116184
27,2017,Municipal,Legislativo,2513
27,2018,Estadual,Executivo,36654
27,2018,Estadual,Judiciário,2269
27,2018,Estadual,Legislativo,2184
27,2018,Federal,Executivo,8706
27,2018,Federal,Judiciário,1702
27,2018,Federal,Legislativo,0
27,2018,Municipal,Executivo,118716
27,2018,Municipal,Legislativo,2369
27,2019,Estadual,Executivo,43106
27,2019,Estadual,Judiciário,2682
27,2019,Estadual,Legislativo,529
27,2019,Federal,Executivo,8751
27,2019,Federal,Judiciário,1627
27,2019,Federal,Legislativo,0
27,2019,Municipal,Executivo,122114
27,2019,Municipal,Legislativo,2836
28,2012,Estadual,Executivo,47298
28,2012,Estadual,Judiciário,3801
28,2012,Estadual,Legislativo,3199
28,2012,Federal,Executivo,6587
28,2012,Federal,Judiciário,1176
28,2012,Federal,Legislativo,0
28,2012,Municipal,Executivo,60373
28,2012,Municipal,Legislativo,1995
28,2013,Estadual,Executivo,45932
28,2013,Estadual,Judiciário,3926
28,2013,Estadual,Legislativo,2696
28,2013,Federal,Executivo,6628
28,2013,Federal,Judiciário,1126
28,2013,Federal,Legislativo,0
28,2013,Municipal,Executivo,58665
28,2013,Municipal,Legislativo,2066
28,2014,Estadual,Executivo,44081
28,2014,Estadual,Judiciário,3937
28,2014,Estadual,Legislativo,2850
28,2014,Federal,Executivo,6952
28,2014,Federal,Judiciário,1221
28,2014,Federal,Legislativo,0
28,2014,Municipal,Executivo,59558
28,2014,Municipal,Legislativo,2147
28,2015,Estadual,Executivo,45051
28,2015,Estadual,Judiciário,3873
28,2015,Estadual,Legislativo,3407
28,2015,Federal,Executivo,6367
28,2015,Federal,Judiciário,1145
28,2015,Federal,Legislativo,0
28,2015,Municipal,Executivo,51143
28,2015,Municipal,Legislativo,2366
28,2016,Estadual,Executivo,43255
28,2016,Estadual,Judiciário,3781
28,2016,Estadual,Legislativo,3189
28,2016,Federal,Executivo,6206
28,2016,Federal,Judiciário,1250
28,2016,Federal,Legislativo,0
28,2016,Municipal,Executivo,56305
28,2016,Municipal,Legislativo,2565
28,2017,Estadual,Executivo,45520
28,2017,Estadual,Judiciário,3870
28,2017,Estadual,Legislativo,3164
28,2017,Federal,Executivo,7078
28,2017,Federal,Judiciário,1198
28,2017,Federal,Legislativo,0
28,2017,Municipal,Executivo,61480
28,2017,Municipal,Legislativo,2382
28,2018,Estadual,Executivo,43791
28,2018,Estadual,Judiciário,3980
28,2018,Estadual,Legislativo,3144
28,2018,Federal,Executivo,7034
28,2018,Federal,Judiciário,1202
28,2018,Federal,Legislativo,0
28,2018,Municipal,Executivo,61257
28,2018,Municipal,Legislativo,2279
28,2019,Estadual,Executivo,41643
28,2019,Estadual,Judiciário,3954
28,2019,Estadual,Legislativo,3441
28,2019,Federal,Executivo,7127
28,2019,Federal,Judiciário,1154
28,2019,Federal,Legislativo,0
28,2019,Municipal,Executivo,67291
28,2019,Municipal,Legislativo,2323
29,2012,Estadual,Executivo,153297
29,2012,Estadual,Judiciário,11854
29,2012,Estadual,Legislativo,5303
29,2012,Federal,Executivo,27181
29,2012,Federal,Judiciário,5565
29,2012,Federal,Legislativo,0
29,2012,Municipal,Executivo,493436
29,2012,Municipal,Legislativo,10830
29,2013,Estadual,Executivo,130009
29,2013,Estadual,Judiciário,11495
29,2013,Estadual,Legislativo,5545
29,2013,Federal,Executivo,28162
29,2013,Federal,Judiciário,5016
29,2013,Federal,Legislativo,0
29,2013,Municipal,Executivo,503902
29,2013,Municipal,Legislativo,10077
29,2014,Estadual,Executivo,145527
29,2014,Estadual,Judiciário,11171
29,2014,Estadual,Legislativo,5207
29,2014,Federal,Executivo,28793
29,2014,Federal,Judiciário,5528
29,2014,Federal,Legislativo,0
29,2014,Municipal,Executivo,499747
29,2014,Municipal,Legislativo,10117
29,2015,Estadual,Executivo,141916
29,2015,Estadual,Judiciário,11214
29,2015,Estadual,Legislativo,5971
29,2015,Federal,Executivo,28603
29,2015,Federal,Judiciário,5185
29,2015,Federal,Legislativo,0
29,2015,Municipal,Executivo,490666
29,2015,Municipal,Legislativo,10827
29,2016,Estadual,Executivo,137929
29,2016,Estadual,Judiciário,10841
29,2016,Estadual,Legislativo,5098
29,2016,Federal,Executivo,27646
29,2016,Federal,Judiciário,5520
29,2016,Federal,Legislativo,0
29,2016,Municipal,Executivo,488340
29,2016,Municipal,Legislativo,10872
29,2017,Estadual,Executivo,148802
29,2017,Estadual,Judiciário,10731
29,2017,Estadual,Legislativo,6030
29,2017,Federal,Executivo,30208
29,2017,Federal,Judiciário,5290
29,2017,Federal,Legislativo,0
29,2017,Municipal,Executivo,515060
29,2017,Municipal,Legislativo,12315
29,2018,Estadual,Executivo,152356
29,2018,Estadual,Judiciário,10836
29,2018,Estadual,Legislativo,5892
29,2018,Federal,Executivo,30137
29,2018,Federal,Judiciário,5507
29,2018,Federal,Legislativo,0
29,2018,Municipal,Executivo,511778
29,2018,Municipal,Legislativo,11665
29,2019,Estadual,Executivo,77494
29,2019,Estadual,Judiciário,10715
29,2019,Estadual,Legislativo,6852
29,2019,Federal,Executivo,30146
29,2019,Federal,Judiciário,5155
29,2019,Federal,Legislativo,0
29,2019,Municipal,Executivo,480619
29,2019,Municipal,Legislativo,12814
31,2012,Estadual,Executivo,365257
31,2012,Estadual,Judiciário,22360
31,2012,Estadual,Legislativo,6577
31,2012,Federal,Executivo,56430
31,2012,Federal,Judiciário,8782
31,2012,Federal,Legislativo,0
31,2012,Municipal,Executivo,739405
31,2012,Municipal,Legislativo,14018
31,2013,Estadual,Executivo,374435
31,2013,Estadual,Judiciário,22550
31,2013,Estadual,Legislativo,6343
31,2013,Federal,Executivo,58535
31,2013,Federal,Judiciário,9107
31,2013,Federal,Legislativo,0
31,2013,Municipal,Executivo,780764
31,2013,Municipal,Legislativo,15450
31,2014,Estadual,Executivo,360799
31,2014,Estadual,Judiciário,22354
31,2014,Estadual,Legislativo,5967
31,2014,Federal,Executivo,60323
31,2014,Federal,Judiciário,9060
31,2014,Federal,Legislativo,0
31,2014,Municipal,Executivo,786293
31,2014,Municipal,Legislativo,15333
31,2015,Estadual,Executivo,361755
31,2015,Estadual,Judiciário,21797
31,2015,Estadual,Legislativo,9970
31,2015,Federal,Executivo,60644
31,2015,Federal,Judiciário,8617
31,2015,Federal,Legislativo,0
31,2015,Municipal,Executivo,770164
31,2015,Municipal,Legislativo,16655
31,2016,Estadual,Executivo,368231
31,2016,Estadual,Judiciário,21264
31,2016,Estadual,Legislativo,5635
31,2016,Federal,Executivo,58954
31,2016,Federal,Judiciário,9323
31,2016,Federal,Legislativo,0
31,2016,Municipal,Executivo,762473
31,2016,Municipal,Legislativo,16452
31,2017,Estadual,Executivo,367804
31,2017,Estadual,Judiciário,20935
31,2017,Estadual,Legislativo,5698
31,2017,Federal,Executivo,62256
31,2017,Federal,Judiciário,8941
31,2017,Federal,Legislativo,0
31,2017,Municipal,Executivo,779759
31,2017,Municipal,Legislativo,16953
31,2018,Estadual,Executivo,351402
31,2018,Estadual,Judiciário,20629
31,2018,Estadual,Legislativo,5328
31,2018,Federal,Executivo,58383
31,2018,Federal,Judiciário,8995
31,2018,Federal,Legislativo,0
31,2018,Municipal,Executivo,778831
31,2018,Municipal,Legislativo,16943
31,2019,Estadual,Executivo,337171
31,2019,Estadual,Judiciário,20492
31,2019,Estadual,Legislativo,6215
31,2019,Federal,Executivo,55107
31,2019,Federal,Judiciário,8618
31,2019,Federal,Legislativo,0
31,2019,Municipal,Executivo,776553
31,2019,Municipal,Legislativo,17870
32,2012,Estadual,Executivo,73808
32,2012,Estadual,Judiciário,4188
32,2012,Estadual,Legislativo,2184
32,2012,Federal,Executivo,10718
32,2012,Federal,Judiciário,1888
32,2012,Federal,Legislativo,0
32,2012,Municipal,Executivo,148521
32,2012,Municipal,Legislativo,5125
32,2013,Estadual,Executivo,76959
32,2013,Estadual,Judiciário,4254
32,2013,Estadual,Legislativo,2205
32,2013,Federal,Executivo,11147
32,2013,Federal,Judiciário,1852
32,2013,Federal,Legislativo,0
32,2013,Municipal,Executivo,156892
32,2013,Municipal,Legislativo,6372
32,2014,Estadual,Executivo,76818
32,2014,Estadual,Judiciário,4271
32,2014,Estadual,Legislativo,2152
32,2014,Federal,Executivo,11640
32,2014,Federal,Judiciário,1908
32,2014,Federal,Legislativo,0
32,2014,Municipal,Executivo,147757
32,2014,Municipal,Legislativo,5091
32,2015,Estadual,Executivo,72520
32,2015,Estadual,Judiciário,4122
32,2015,Estadual,Legislativo,2390
32,2015,Federal,Executivo,11294
32,2015,Federal,Judiciário,1907
32,2015,Federal,Legislativo,0
32,2015,Municipal,Executivo,154295
32,2015,Municipal,Legislativo,5391
32,2016,Estadual,Executivo,72342
32,2016,Estadual,Judiciário,3892
32,2016,Estadual,Legislativo,2142
32,2016,Federal,Executivo,11373
32,2016,Federal,Judiciário,1926
32,2016,Federal,Legislativo,0
32,2016,Municipal,Executivo,151065
32,2016,Municipal,Legislativo,5429
32,2017,Estadual,Executivo,63456
32,2017,Estadual,Judiciário,3795
32,2017,Estadual,Legislativo,2320
32,2017,Federal,Executivo,11302
32,2017,Federal,Judiciário,1902
32,2017,Federal,Legislativo,0
32,2017,Municipal,Executivo,149270
32,2017,Municipal,Legislativo,5694
32,2018,Estadual,Executivo,64747
32,2018,Estadual,Judiciário,3925
32,2018,Estadual,Legislativo,2169
32,2018,Federal,Executivo,11208
32,2018,Federal,Judiciário,1923
32,2018,Federal,Legislativo,0
32,2018,Municipal,Executivo,139959
32,2018,Municipal,Legislativo,5325
32,2019,Estadual,Executivo,60641
32,2019,Estadual,Judiciário,3840
32,2019,Estadual,Legislativo,2461
32,2019,Federal,Executivo,11487
32,2019,Federal,Judiciário,1846
32,2019,Federal,Legislativo,0
32,2019,Municipal,Executivo,142391
32,2019,Municipal,Legislativo,5668
33,2012,Estadual,Executivo,241647
33,2012,Estadual,Judiciário,21622
33,2012,Estadual,Legislativo,6459
33,2012,Federal,Executivo,150514
33,2012,Federal,Judiciário,11671
33,2012,Federal,Legislativo,0
33,2012,Municipal,Executivo,472637
33,2012,Municipal,Legislativo,12478
33,2013,Estadual,Executivo,247467
33,2013,Estadual,Judiciário,21915
33,2013,Estadual,Legislativo,6929
33,2013,Federal,Executivo,159318
33,2013,Federal,Judiciário,11084
33,2013,Federal,Legislativo,0
33,2013,Municipal,Executivo,480891
33,2013,Municipal,Legislativo,14874
33,2014,Estadual,Executivo,250464
33,2014,Estadual,Judiciário,21008
33,2014,Estadual,Legislativo,6466
33,2014,Federal,Executivo,167975
33,2014,Federal,Judiciário,11727
33,2014,Federal,Legislativo,0
33,2014,Municipal,Executivo,473907
33,2014,Municipal,Legislativo,14103
33,2015,Estadual,Executivo,236223
33,2015,Estadual,Judiciário,21459
33,2015,Estadual,Legislativo,8193
33,2015,Federal,Executivo,142025
33,2015,Federal,Judiciário,11177
33,2015,Federal,Legislativo,0
33,2015,Municipal,Executivo,480120
33,2015,Municipal,Legislativo,14944
33,2016,Estadual,Executivo,229688
33,2016,Estadual,Judiciário,21061
33,2016,Estadual,Legislativo,7291
33,2016,Federal,Executivo,160397
33,2016,Federal,Judiciário,12110
33,2016,Federal,Legislativo,0
33,2016,Municipal,Executivo,462534
33,2016,Municipal,Legislativo,14272
33,2017,Estadual,Executivo,220509
33,2017,Estadual,Judiciário,22053
33,2017,Estadual,Legislativo,7921
33,2017,Federal,Executivo,181183
33,2017,Federal,Judiciário,11141
33,2017,Federal,Legislativo,0
33,2017,Municipal,Executivo,448279
33,2017,Municipal,Legislativo,13496
33,2018,Estadual,Executivo,212983
33,2018,Estadual,Judiciário,21274
33,2018,Estadual,Legislativo,7876
33,2018,Federal,Executivo,194639
33,2018,Federal,Judiciário,11378
33,2018,Federal,Legislativo,0
33,2018,Municipal,Executivo,452876
33,2018,Municipal,Legislativo,13832
33,2019,Estadual,Executivo,159241
33,2019,Estadual,Judiciário,21412
33,2019,Estadual,Legislativo,9094
33,2019,Federal,Executivo,168004
33,2019,Federal,Judiciário,10623
33,2019,Federal,Legislativo,0
33,2019,Municipal,Executivo,459238
33,2019,Municipal,Legislativo,13956
35,2012,Estadual,Executivo,808093
35,2012,Estadual,Judiciário,46697
35,2012,Estadual,Legislativo,5881
35,2012,Federal,Executivo,57763
35,2012,Federal,Judiciário,21987
35,2012,Federal,Legislativo,0
35,2012,Municipal,Executivo,1082878
35,2012,Municipal,Legislativo,21089
35,2013,Estadual,Executivo,820306
35,2013,Estadual,Judiciário,47354
35,2013,Estadual,Legislativo,6036
35,2013,Federal,Executivo,59963
35,2013,Federal,Judiciário,21581
35,2013,Federal,Legislativo,0
35,2013,Municipal,Executivo,1112434
35,2013,Municipal,Legislativo,23928
35,2014,Estadual,Executivo,809885
35,2014,Estadual,Judiciário,49131
35,2014,Estadual,Legislativo,6046
35,2014,Federal,Executivo,60416
35,2014,Federal,Judiciário,22086
35,2014,Federal,Legislativo,0
35,2014,Municipal,Executivo,1111271
35,2014,Municipal,Legislativo,21959
35,2015,Estadual,Executivo,753404
35,2015,Estadual,Judiciário,47723
35,2015,Estadual,Legislativo,7044
35,2015,Federal,Executivo,58666
35,2015,Federal,Judiciário,22145
35,2015,Federal,Legislativo,0
35,2015,Municipal,Executivo,1109873
35,2015,Municipal,Legislativo,22263
35,2016,Estadual,Executivo,721633
35,2016,Estadual,Judiciário,47890
35,2016,Estadual,Legislativo,6392
35,2016,Federal,Executivo,58959
35,2016,Federal,Judiciário,22404
35,2016,Federal,Legislativo,0
35,2016,Municipal,Executivo,1089592
35,2016,Municipal,Legislativo,21690
35,2017,Estadual,Executivo,697179
35,2017,Estadual,Judiciário,47377
35,2017,Estadual,Legislativo,6551
35,2017,Federal,Executivo,60085
35,2017,Federal,Judiciário,21999
35,2017,Federal,Legislativo,0
35,2017,Municipal,Executivo,1082209
35,2017,Municipal,Legislativo,21588
35,2018,Estadual,Executivo,672288
35,2018,Estadual,Judiciário,46916
35,2018,Estadual,Legislativo,6340
35,2018,Federal,Executivo,53879
35,2018,Federal,Judiciário,21622
35,2018,Federal,Legislativo,0
35,2018,Municipal,Executivo,1069210
35,2018,Municipal,Legislativo,19875
35,2019,Estadual,Executivo,668247
35,2019,Estadual,Judiciário,45590
35,2019,Estadual,Legislativo,7071
35,2019,Federal,Executivo,56431
35,2019,Federal,Judiciário,21275
35,2019,Federal,Legislativo,0
35,2019,Municipal,Executivo,1063510
35,2019,Municipal,Legislativo,20781
41,2012,Estadual,Executivo,199055
41,2012,Estadual,Judiciário,10180
41,2012,Estadual,Legislativo,2050
41,2012,Federal,Executivo,23332
41,2012,Federal,Judiciário,5174
41,2012,Federal,Legislativo,0
41,2012,Municipal,Executivo,326278
41,2012,Municipal,Legislativo,6337
41,2013,Estadual,Executivo,209565
41,2013,Estadual,Judiciário,11243
41,2013,Estadual,Legislativo,2551
41,2013,Federal,Executivo,23895
41,2013,Federal,Judiciário,5246
41,2013,Federal,Legislativo,0
41,2013,Municipal,Executivo,333252
41,2013,Municipal,Legislativo,6163
41,2014,Estadual,Executivo,205391
41,2014,Estadual,Judiciário,11833
41,2014,Estadual,Legislativo,2185
41,2014,Federal,Executivo,25124
41,2014,Federal,Judiciário,5423
41,2014,Federal,Legislativo,0
41,2014,Municipal,Executivo,339467
41,2014,Municipal,Legislativo,6206
41,2015,Estadual,Executivo,200345
41,2015,Estadual,Judiciário,11787
41,2015,Estadual,Legislativo,3516
41,2015,Federal,Executivo,25692
41,2015,Federal,Judiciário,5482
41,2015,Federal,Legislativo,0
41,2015,Municipal,Executivo,343020
41,2015,Municipal,Legislativo,6516
41,2016,Estadual,Executivo,205137
41,2016,Estadual,Judiciário,12492
41,2016,Estadual,Legislativo,2279
41,2016,Federal,Executivo,25044
41,2016,Federal,Judiciário,5555
41,2016,Federal,Legislativo,0
41,2016,Municipal,Executivo,349312
41,2016,Municipal,Legislativo,6392
41,2017,Estadual,Executivo,193120
41,2017,Estadual,Judiciário,12690
41,2017,Estadual,Legislativo,2405
41,2017,Federal,Executivo,26037
41,2017,Federal,Judiciário,5462
41,2017,Federal,Legislativo,0
41,2017,Municipal,Executivo,347481
41,2017,Municipal,Legislativo,6369
41,2018,Estadual,Executivo,190538
41,2018,Estadual,Judiciário,13297
41,2018,Estadual,Legislativo,2376
41,2018,Federal,Executivo,25850
41,2018,Federal,Judiciário,5408
41,2018,Federal,Legislativo,0
41,2018,Municipal,Executivo,345892
41,2018,Municipal,Legislativo,6358
41,2019,Estadual,Executivo,190763
41,2019,Estadual,Judiciário,13439
41,2019,Estadual,Legislativo,3905
41,2019,Federal,Executivo,26169
41,2019,Federal,Judiciário,5326
41,2019,Federal,Legislativo,0
41,2019,Municipal,Executivo,347327
41,2019,Municipal,Legislativo,6375
42,2012,Estadual,Executivo,91352
42,2012,Estadual,Judiciário,8421
42,2012,Estadual,Legislativo,2520
42,2012,Federal,Executivo,18337
42,2012,Federal,Judiciário,3379
42,2012,Federal,Legislativo,0
42,2012,Municipal,Executivo,239835
42,2012,Municipal,Legislativo,4205
42,2013,Estadual,Executivo,88393
42,2013,Estadual,Judiciário,8926
42,2013,Estadual,Legislativo,2494
42,2013,Federal,Executivo,19596
42,2013,Federal,Judiciário,3559
42,2013,Federal,Legislativo,0
42,2013,Municipal,Executivo,247019
42,2013,Municipal,Legislativo,4963
42,2014,Estadual,Executivo,90209
42,2014,Estadual,Judiciário,9787
42,2014,Estadual,Legislativo,2390
42,2014,Federal,Executivo,20232
42,2014,Federal,Judiciário,3707
42,2014,Federal,Legislativo,0
42,2014,Municipal,Executivo,249922
42,2014,Municipal,Legislativo,4670
42,2015,Estadual,Executivo,86408
42,2015,Estadual,Judiciário,9882
42,2015,Estadual,Legislativo,2611
42,2015,Federal,Executivo,20326
42,2015,Federal,Judiciário,3723
42,2015,Federal,Legislativo,0
42,2015,Municipal,Executivo,244831
42,2015,Municipal,Legislativo,5164
42,2016,Estadual,Executivo,97246
42,2016,Estadual,Judiciário,9872
42,2016,Estadual,Legislativo,2294
42,2016,Federal,Executivo,20556
42,2016,Federal,Judiciário,3811
42,2016,Federal,Legislativo,0
42,2016,Municipal,Executivo,251866
42,2016,Municipal,Legislativo,4903
42,2017,Estadual,Executivo,97465
42,2017,Estadual,Judiciário,10063
42,2017,Estadual,Legislativo,2382
42,2017,Federal,Executivo,21176
42,2017,Federal,Judiciário,3713
42,2017,Federal,Legislativo,0
42,2017,Municipal,Executivo,254173
42,2017,Municipal,Legislativo,5235
42,2018,Estadual,Executivo,99837
42,2018,Estadual,Judiciário,10086
42,2018,Estadual,Legislativo,2370
42,2018,Federal,Executivo,20264
42,2018,Federal,Judiciário,3700
42,2018,Federal,Legislativo,0
42,2018,Municipal,Executivo,251249
42,2018,Municipal,Legislativo,4777
42,2019,Estadual,Executivo,97364
42,2019,Estadual,Judiciário,10642
42,2019,Estadual,Legislativo,2674
42,2019,Federal,Executivo,20866
42,2019,Federal,Judiciário,3387
42,2019,Federal,Legislativo,0
42,2019,Municipal,Executivo,256802
42,2019,Municipal,Legislativo,4816
43,2012,Estadual,Executivo,173473
43,2012,Estadual,Judiciário,12758
43,2012,Estadual,Legislativo,2191
43,2012,Federal,Executivo,36437
43,2012,Federal,Judiciário,7453
43,2012,Federal,Legislativo,0
43,2012,Municipal,Executivo,323591
43,2012,Municipal,Legislativo,6902
43,2013,Estadual,Executivo,167504
43,2013,Estadual,Judiciário,12899
43,2013,Estadual,Legislativo,1968
43,2013,Federal,Executivo,38087
43,2013,Federal,Judiciário,7691
43,2013,Federal,Legislativo,0
43,2013,Municipal,Executivo,325411
43,2013,Municipal,Legislativo,7338
43,2014,Estadual,Executivo,170006
43,2014,Estadual,Judiciário,13812
43,2014,Estadual,Legislativo,1933
43,2014,Federal,Executivo,40166
43,2014,Federal,Judiciário,7746
43,2014,Federal,Legislativo,0
43,2014,Municipal,Executivo,335770
43,2014,Municipal,Legislativo,7394
43,2015,Estadual,Executivo,161966
43,2015,Estadual,Judiciário,13869
43,2015,Estadual,Legislativo,2046
43,2015,Federal,Executivo,39840
43,2015,Federal,Judiciário,7763
43,2015,Federal,Legislativo,0
43,2015,Municipal,Executivo,335778
43,2015,Municipal,Legislativo,8033
43,2016,Estadual,Executivo,153919
43,2016,Estadual,Judiciário,13667
43,2016,Estadual,Legislativo,2034
43,2016,Federal,Executivo,40009
43,2016,Federal,Judiciário,7797
43,2016,Federal,Legislativo,0
43,2016,Municipal,Executivo,336838
43,2016,Municipal,Legislativo,8103
43,2017,Estadual,Executivo,147275
43,2017,Estadual,Judiciário,13540
43,2017,Estadual,Legislativo,1847
43,2017,Federal,Executivo,40756
43,2017,Federal,Judiciário,7725
43,2017,Federal,Legislativo,0
43,2017,Municipal,Executivo,335618
43,2017,Municipal,Legislativo,8137
43,2018,Estadual,Executivo,145844
43,2018,Estadual,Judiciário,13841
43,2018,Estadual,Legislativo,1809
43,2018,Federal,Executivo,41066
43,2018,Federal,Judiciário,7606
43,2018,Federal,Legislativo,0
43,2018,Municipal,Executivo,330638
43,2018,Municipal,Legislativo,8092
43,2019,Estadual,Executivo,140253
43,2019,Estadual,Judiciário,13732
43,2019,Estadual,Legislativo,2196
43,2019,Federal,Executivo,39380
43,2019,Federal,Judiciário,7457
43,2019,Federal,Legislativo,0
43,2019,Municipal,Executivo,335563
43,2019,Municipal,Legislativo,8315
50,2012,Estadual,Executivo,40589
50,2012,Estadual,Judiciário,4908
50,2012,Estadual,Legislativo,1864
50,2012,Federal,Executivo,11747
50,2012,Federal,Judiciário,1576
50,2012,Federal,Legislativo,0
50,2012,Municipal,Executivo,105898
50,2012,Municipal,Legislativo,2766
50,2013,Estadual,Executivo,40380
50,2013,Estadual,Judiciário,5184
50,2013,Estadual,Legislativo,1951
50,2013,Federal,Executivo,11880
50,2013,Federal,Judiciário,1521
50,2013,Federal,Legislativo,0
50,2013,Municipal,Executivo,117026
50,2013,Municipal,Legislativo,2994
50,2014,Estadual,Executivo,57671
50,2014,Estadual,Judiciário,5428
50,2014,Estadual,Legislativo,1935
50,2014,Federal,Executivo,13069
50,2014,Federal,Judiciário,1594
50,2014,Federal,Legislativo,0
50,2014,Municipal,Executivo,113539
50,2014,Municipal,Legislativo,2820
50,2015,Estadual,Executivo,69782
50,2015,Estadual,Judiciário,5611
50,2015,Estadual,Legislativo,2214
50,2015,Federal,Executivo,12549
50,2015,Federal,Judiciário,1560
50,2015,Federal,Legislativo,0
50,2015,Municipal,Executivo,117577
50,2015,Municipal,Legislativo,3238
50,2016,Estadual,Executivo,74019
50,2016,Estadual,Judiciário,5754
50,2016,Estadual,Legislativo,1847
50,2016,Federal,Executivo,12945
50,2016,Federal,Judiciário,1611
50,2016,Federal,Legislativo,0
50,2016,Municipal,Executivo,113653
50,2016,Municipal,Legislativo,3082
50,2017,Estadual,Executivo,64890
50,2017,Estadual,Judiciário,5754
50,2017,Estadual,Legislativo,1729
50,2017,Federal,Executivo,13366
50,2017,Federal,Judiciário,1556
50,2017,Federal,Legislativo,0
50,2017,Municipal,Executivo,123367
50,2017,Municipal,Legislativo,3138
50,2018,Estadual,Executivo,61669
50,2018,Estadual,Judiciário,5705
50,2018,Estadual,Legislativo,1658
50,2018,Federal,Executivo,13689
50,2018,Federal,Judiciário,1578
50,2018,Federal,Legislativo,0
50,2018,Municipal,Executivo,128192
50,2018,Municipal,Legislativo,3075
50,2019,Estadual,Executivo,67343
50,2019,Estadual,Judiciário,5670
50,2019,Estadual,Legislativo,1889
50,2019,Federal,Executivo,13716
50,2019,Federal,Judiciário,1481
50,2019,Federal,Legislativo,0
50,2019,Municipal,Executivo,134012
50,2019,Municipal,Legislativo,3363
51,2012,Estadual,Executivo,102694
51,2012,Estadual,Judiciário,9064
51,2012,Estadual,Legislativo,2883
51,2012,Federal,Executivo,8584
51,2012,Federal,Judiciário,1960
51,2012,Federal,Legislativo,0
51,2012,Municipal,Executivo,122256
51,2012,Municipal,Legislativo,2845
51,2013,Estadual,Executivo,99169
51,2013,Estadual,Judiciário,5837
51,2013,Estadual,Legislativo,2512
51,2013,Federal,Executivo,9067
51,2013,Federal,Judiciário,1919
51,2013,Federal,Legislativo,0
51,2013,Municipal,Executivo,127072
51,2013,Municipal,Legislativo,3002
51,2014,Estadual,Executivo,112475
51,2014,Estadual,Judiciário,5573
51,2014,Estadual,Legislativo,1770
51,2014,Federal,Executivo,9407
51,2014,Federal,Judiciário,1984
51,2014,Federal,Legislativo,0
51,2014,Municipal,Executivo,124347
51,2014,Municipal,Legislativo,2504
51,2015,Estadual,Executivo,109932
51,2015,Estadual,Judiciário,5629
51,2015,Estadual,Legislativo,2573
51,2015,Federal,Executivo,8809
51,2015,Federal,Judiciário,1902
51,2015,Federal,Legislativo,0
51,2015,Municipal,Executivo,127530
51,2015,Municipal,Legislativo,2781
51,2016,Estadual,Executivo,104701
51,2016,Estadual,Judiciário,6224
51,2016,Estadual,Legislativo,2428
51,2016,Federal,Executivo,9171
51,2016,Federal,Judiciário,2036
51,2016,Federal,Legislativo,0
51,2016,Municipal,Executivo,124913
51,2016,Municipal,Legislativo,2862
51,2017,Estadual,Executivo,113881
51,2017,Estadual,Judiciário,6473
51,2017,Estadual,Legislativo,2774
51,2017,Federal,Executivo,9217
51,2017,Federal,Judiciário,1889
51,2017,Federal,Legislativo,0
51,2017,Municipal,Executivo,122269
51,2017,Municipal,Legislativo,3236
51,2018,Estadual,Executivo,108969
51,2018,Estadual,Judiciário,7054
51,2018,Estadual,Legislativo,2323
51,2018,Federal,Executivo,8912
51,2018,Federal,Judiciário,1982
51,2018,Federal,Legislativo,0
51,2018,Municipal,Executivo,121747
51,2018,Municipal,Legislativo,3217
51,2019,Estadual,Executivo,111601
51,2019,Estadual,Judiciário,7378
51,2019,Estadual,Legislativo,3286
51,2019,Federal,Executivo,9265
51,2019,Federal,Judiciário,1858
51,2019,Federal,Legislativo,0
51,2019,Municipal,Executivo,123246
51,2019,Municipal,Legislativo,3310
52,2012,Estadual,Executivo,125531
52,2012,Estadual,Judiciário,6358
52,2012,Estadual,Legislativo,5874
52,2012,Federal,Executivo,15020
52,2012,Federal,Judiciário,2894
52,2012,Federal,Legislativo,0
52,2012,Municipal,Executivo,205043
52,2012,Municipal,Legislativo,6822
52,2013,Estadual,Executivo,127237
52,2013,Estadual,Judiciário,6501
52,2013,Estadual,Legislativo,6928
52,2013,Federal,Executivo,15346
52,2013,Federal,Judiciário,2779
52,2013,Federal,Legislativo,0
52,2013,Municipal,Executivo,218242
52,2013,Municipal,Legislativo,6514
52,2014,Estadual,Executivo,130529
52,2014,Estadual,Judiciário,6644
52,2014,Estadual,Legislativo,6190
52,2014,Federal,Executivo,15757
52,2014,Federal,Judiciário,2965
52,2014,Federal,Legislativo,0
52,2014,Municipal,Executivo,198390
52,2014,Municipal,Legislativo,5831
52,2015,Estadual,Executivo,123662
52,2015,Estadual,Judiciário,6873
52,2015,Estadual,Legislativo,7035
52,2015,Federal,Executivo,16272
52,2015,Federal,Judiciário,2936
52,2015,Federal,Legislativo,0
52,2015,Municipal,Executivo,196535
52,2015,Municipal,Legislativo,5857
52,2016,Estadual,Executivo,119436
52,2016,Estadual,Judiciário,6782
52,2016,Estadual,Legislativo,5165
52,2016,Federal,Executivo,16048
52,2016,Federal,Judiciário,3225
52,2016,Federal,Legislativo,0
52,2016,Municipal,Executivo,194867
52,2016,Municipal,Legislativo,5806
52,2017,Estadual,Executivo,122773
52,2017,Estadual,Judiciário,6945
52,2017,Estadual,Legislativo,5791
52,2017,Federal,Executivo,16802
52,2017,Federal,Judiciário,3085
52,2017,Federal,Legislativo,0
52,2017,Municipal,Executivo,196171
52,2017,Municipal,Legislativo,6322
52,2018,Estadual,Executivo,121807
52,2018,Estadual,Judiciário,6792
52,2018,Estadual,Legislativo,5761
52,2018,Federal,Executivo,17030
52,2018,Federal,Judiciário,3164
52,2018,Federal,Legislativo,0
52,2018,Municipal,Executivo,175823
52,2018,Municipal,Legislativo,6414
52,2019,Estadual,Executivo,120439
52,2019,Estadual,Judiciário,7109
52,2019,Estadual,Legislativo,7638
52,2019,Federal,Executivo,16011
52,2019,Federal,Judiciário,2984
52,2019,Federal,Legislativo,0
52,2019,Municipal,Executivo,173079
52,2019,Municipal,Legislativo,6245
53,2012,Estadual,Executivo,135576
53,2012,Estadual,Judiciário,1734
53,2012,Estadual,Legislativo,2433
53,2012,Federal,Executivo,267554
53,2012,Federal,Judiciário,37361
53,2012,Federal,Legislativo,29474
53,2012,Municipal,Executivo,0
53,2012,Municipal,Legislativo,0
53,2013,Estadual,Executivo,144073
53,2013,Estadual,Judiciário,1840
53,2013,Estadual,Legislativo,2350
53,2013,Federal,Executivo,332872
53,2013,Federal,Judiciário,37878
53,2013,Federal,Legislativo,29890
53,2013,Municipal,Executivo,5
53,2013,Municipal,Legislativo,0
53,2014,Estadual,Executivo,147832
53,2014,Estadual,Judiciário,1813
53,2014,Estadual,Legislativo,1924
53,2014,Federal,Executivo,345373
53,2014,Federal,Judiciário,40220
53,2014,Federal,Legislativo,26673
53,2014,Municipal,Executivo,0
53,2014,Municipal,Legislativo,0
53,2015,Estadual,Executivo,143871
53,2015,Estadual,Judiciário,1929
53,2015,Estadual,Legislativo,2519
53,2015,Federal,Executivo,341064
53,2015,Federal,Judiciário,41005
53,2015,Federal,Legislativo,33137
53,2015,Municipal,Executivo,0
53,2015,Municipal,Legislativo,0
53,2016,Estadual,Executivo,132891
53,2016,Estadual,Judiciário,2021
53,2016,Estadual,Legislativo,2444
53,2016,Federal,Executivo,366304
53,2016,Federal,Judiciário,41305
53,2016,Federal,Legislativo,29649
53,2016,Municipal,Executivo,0
53,2016,Municipal,Legislativo,0
53,2017,Estadual,Executivo,126185
53,2017,Estadual,Judiciário,2100
53,2017,Estadual,Legislativo,2453
53,2017,Federal,Executivo,339207
53,2017,Federal,Judiciário,41975
53,2017,Federal,Legislativo,29819
53,2017,Municipal,Executivo,0
53,2017,Municipal,Legislativo,0
53,2018,Estadual,Executivo,129829
53,2018,Estadual,Judiciário,2167
53,2018,Estadual,Legislativo,2421
53,2018,Federal,Executivo,255431
53,2018,Federal,Judiciário,41071
53,2018,Federal,Legislativo,28709
53,2018,Municipal,Executivo,0
53,2018,Municipal,Legislativo,0
53,2019,Estadual,Executivo,130376
53,2019,Estadual,Judiciário,2095
53,2019,Estadual,Legislativo,2491
53,2019,Federal,Executivo,126332
53,2019,Federal,Judiciário,40833
53,2019,Federal,Legislativo,34639
53,2019,Municipal,Executivo,0
53,2019,Municipal,Legislativo,0
